-- --------------------------------------------------------
-- Host:                         localhost
-- Server version:               5.7.19 - MySQL Community Server (GPL)
-- Server OS:                    Win64
-- HeidiSQL Version:             9.5.0.5226
-- --------------------------------------------------------

/*!40101 SET @OLD_CHARACTER_SET_CLIENT=@@CHARACTER_SET_CLIENT */;
/*!40101 SET NAMES utf8 */;
/*!50503 SET NAMES utf8mb4 */;
/*!40014 SET @OLD_FOREIGN_KEY_CHECKS=@@FOREIGN_KEY_CHECKS, FOREIGN_KEY_CHECKS=0 */;
/*!40101 SET @OLD_SQL_MODE=@@SQL_MODE, SQL_MODE='NO_AUTO_VALUE_ON_ZERO' */;

CREATE DATABASE IF NOT EXISTS `kelas`;
USE `kelas`;

-- Dumping structure for table kelas.guru
CREATE TABLE IF NOT EXISTS `guru` (
  `id` int(5) unsigned NOT NULL AUTO_INCREMENT,
  `nip` varchar(50) NOT NULL,
  `nama` varchar(50) NOT NULL,
  `user_id` int(10) NOT NULL,
  `kelas_id` int(10) DEFAULT NULL,
  `ruang_id` int(10) DEFAULT NULL,
  PRIMARY KEY (`id`),
  UNIQUE KEY `nip` (`nip`),
  KEY `id_user` (`user_id`)
) ENGINE=InnoDB AUTO_INCREMENT=21 DEFAULT CHARSET=latin1;

-- Dumping data for table kelas.guru: ~16 rows (approximately)
DELETE FROM `guru`;
/*!40000 ALTER TABLE `guru` DISABLE KEYS */;
INSERT INTO `guru` (`id`, `nip`, `nama`, `user_id`, `kelas_id`, `ruang_id`) VALUES
	(1, '109876543211234567', 'Sri Indarti', 1, NULL, NULL),
	(2, '123456787654321234', 'Juki', 2, 1, 1),
	(3, '123456789098765432', 'Sri Iriani Zulaekah', 3, 1, 2),
	(4, '12345678964554664', 'Rois', 4, 1, 3),
	(6, '212354515962126462', 'angga', 6, 1, 4),
	(7, '213654566221264554', 'emma', 7, 2, 1),
	(8, '231564597855216663', 'Nadhif', 8, 2, 2),
	(9, '240401111300359876', 'Serty', 9, 2, 3),
	(10, '321264564894126128', 'dwi', 10, 2, 4),
	(11, '355446215651355625', 'artia  putri', 11, 3, 1),
	(12, '362745630985671236', 'SUTEKNO', 12, 3, 2),
	(13, '437659823756390187', 'JUMADI', 13, 3, 3),
	(14, '564654223123545656', 'ratna', 14, 3, 4),
	(17, '856374562847561243', 'adi', 17, NULL, NULL),
	(18, '918273645039476387', 'Pudjiastuti', 18, NULL, NULL),
	(19, '231564597855216676', 'Agus Nadhif', 20, NULL, NULL),
	(20, '', '', 21, NULL, NULL);
/*!40000 ALTER TABLE `guru` ENABLE KEYS */;

-- Dumping structure for table kelas.iuran
CREATE TABLE IF NOT EXISTS `iuran` (
  `id` int(10) NOT NULL AUTO_INCREMENT,
  `kategori` varchar(50) NOT NULL,
  `alias` varchar(25) DEFAULT NULL,
  `jumlah` int(11) NOT NULL,
  PRIMARY KEY (`id`)
) ENGINE=InnoDB AUTO_INCREMENT=8 DEFAULT CHARSET=latin1;

-- Dumping data for table kelas.iuran: ~7 rows (approximately)
DELETE FROM `iuran`;
/*!40000 ALTER TABLE `iuran` DISABLE KEYS */;
INSERT INTO `iuran` (`id`, `kategori`, `alias`, `jumlah`) VALUES
	(1, 'tabungan', 'TBG', 180000),
	(2, 'hut + perpisahan', 'HUT+PPSHN', 50000),
	(3, 'osis', 'OSIS', 50000),
	(4, 'pepustakaan + komputer', 'PPSTKN+KMPT', 35000),
	(5, 'SPI (7&8)', 'SPI(7&8)', 575000),
	(6, 'SPI (9)', 'SPI(9)', 475000),
	(7, 'perlengkapan kelulusan', 'PLGKPNLULUS', 150000);
/*!40000 ALTER TABLE `iuran` ENABLE KEYS */;

-- Dumping structure for table kelas.kelas
CREATE TABLE IF NOT EXISTS `kelas` (
  `id` int(3) NOT NULL AUTO_INCREMENT,
  `kelas` varchar(5) NOT NULL,
  PRIMARY KEY (`id`)
) ENGINE=InnoDB AUTO_INCREMENT=4 DEFAULT CHARSET=latin1;

-- Dumping data for table kelas.kelas: ~3 rows (approximately)
DELETE FROM `kelas`;
/*!40000 ALTER TABLE `kelas` DISABLE KEYS */;
INSERT INTO `kelas` (`id`, `kelas`) VALUES
	(1, '7'),
	(2, '8'),
	(3, '9');
/*!40000 ALTER TABLE `kelas` ENABLE KEYS */;

-- Dumping structure for table kelas.kelas_iuran
CREATE TABLE IF NOT EXISTS `kelas_iuran` (
  `kelas_id` int(5) DEFAULT NULL,
  `iuran_id` int(5) DEFAULT NULL,
  KEY `id_kelas` (`kelas_id`),
  KEY `id_iuran` (`iuran_id`)
) ENGINE=InnoDB DEFAULT CHARSET=latin1;

-- Dumping data for table kelas.kelas_iuran: ~20 rows (approximately)
DELETE FROM `kelas_iuran`;
/*!40000 ALTER TABLE `kelas_iuran` DISABLE KEYS */;
INSERT INTO `kelas_iuran` (`kelas_id`, `iuran_id`) VALUES
	(1, 1),
	(1, 2),
	(1, 3),
	(1, 4),
	(1, 5),
	(1, 7),
	(2, 1),
	(2, 2),
	(2, 3),
	(2, 4),
	(2, 5),
	(2, 7),
	(3, 2),
	(3, 3),
	(3, 4),
	(3, 6),
	(1, 8),
	(2, 8),
	(3, 1),
	(3, 7);
/*!40000 ALTER TABLE `kelas_iuran` ENABLE KEYS */;

-- Dumping structure for table kelas.kelas_ruang
CREATE TABLE IF NOT EXISTS `kelas_ruang` (
  `kelas_id` int(3) NOT NULL,
  `ruang_id` int(3) NOT NULL,
  KEY `kelas_id_ruang_id` (`kelas_id`,`ruang_id`)
) ENGINE=InnoDB DEFAULT CHARSET=latin1;

-- Dumping data for table kelas.kelas_ruang: ~13 rows (approximately)
DELETE FROM `kelas_ruang`;
/*!40000 ALTER TABLE `kelas_ruang` DISABLE KEYS */;
INSERT INTO `kelas_ruang` (`kelas_id`, `ruang_id`) VALUES
	(1, 1),
	(1, 2),
	(1, 3),
	(1, 4),
	(1, 5),
	(1, 6),
	(2, 1),
	(2, 2),
	(2, 3),
	(2, 4),
	(2, 5),
	(3, 1),
	(3, 2),
	(3, 3),
	(3, 4);
/*!40000 ALTER TABLE `kelas_ruang` ENABLE KEYS */;

-- Dumping structure for table kelas.ruang
CREATE TABLE IF NOT EXISTS `ruang` (
  `id` int(3) NOT NULL AUTO_INCREMENT,
  `ruang` varchar(3) NOT NULL,
  PRIMARY KEY (`id`)
) ENGINE=InnoDB AUTO_INCREMENT=27 DEFAULT CHARSET=latin1;

-- Dumping data for table kelas.ruang: ~26 rows (approximately)
DELETE FROM `ruang`;
/*!40000 ALTER TABLE `ruang` DISABLE KEYS */;
INSERT INTO `ruang` (`id`, `ruang`) VALUES
	(1, 'A'),
	(2, 'B'),
	(3, 'C'),
	(4, 'D'),
	(5, 'E'),
	(6, 'F'),
	(7, 'G'),
	(8, 'H'),
	(9, 'I'),
	(10, 'J'),
	(11, 'K'),
	(12, 'L'),
	(13, 'M'),
	(14, 'N'),
	(15, 'O'),
	(16, 'P'),
	(17, 'Q'),
	(18, 'R'),
	(19, 'S'),
	(20, 'T'),
	(21, 'U'),
	(22, 'V'),
	(23, 'W'),
	(24, 'X'),
	(25, 'Y'),
	(26, 'Z');
/*!40000 ALTER TABLE `ruang` ENABLE KEYS */;

-- Dumping structure for table kelas.siswa
CREATE TABLE IF NOT EXISTS `siswa` (
  `id` int(10) NOT NULL AUTO_INCREMENT,
  `nisn` varchar(20) NOT NULL,
  `nama` varchar(50) NOT NULL,
  `tahun` varchar(6) DEFAULT NULL,
  `kelas_id` int(6) DEFAULT NULL,
  `ruang_id` int(6) DEFAULT NULL,
  `wali_id` int(6) DEFAULT NULL,
  PRIMARY KEY (`id`)
) ENGINE=InnoDB AUTO_INCREMENT=86 DEFAULT CHARSET=latin1;

-- Dumping data for table kelas.siswa: ~84 rows (approximately)
DELETE FROM `siswa`;
/*!40000 ALTER TABLE `siswa` DISABLE KEYS */;
INSERT INTO `siswa` (`id`, `nisn`, `nama`, `tahun`, `kelas_id`, `ruang_id`, `wali_id`) VALUES
	(1, '601341', 'Andra enthebackbone', '2015', 3, 1, 10),
	(2, '601342', 'Eni Latahzan', '2015', 3, 2, 11),
	(3, '601343', 'Anindya Fitriani', '2016', 2, 3, 8),
	(4, '601344', 'Arianto Saputro', '2016', 2, 4, 9),
	(5, '601345', 'Agil Lukman K', '2017', 1, 2, 3),
	(6, '601346', 'Agus Prayudi', '2017', 1, 4, 14),
	(8, '601347', 'Agus Nadhif', '2017', 1, 2, 3),
	(9, '601348', 'Abdul Jalil', '2016', 2, 1, 6),
	(10, '601349', 'Muhammad Hidayat', '2017', 1, 1, 2),
	(11, '601350', 'Citra Permata', '2015', 3, 4, 13),
	(12, '601351', 'Amelia Yulianti', '2016', 2, 2, 7),
	(13, '601352', 'Jayadi Susanti', '2015', 3, 2, 11),
	(14, '601353', 'Dimaz Prasetya', '2015', 3, 3, 12),
	(15, '601354', 'Maida Hardiansyah', '2016', 2, 2, 7),
	(16, '601355', 'Nadia Susanti', '2016', 2, 1, 6),
	(17, '601356', 'Kania Mardhiyah', '2016', 2, 4, 9),
	(18, '601357', 'Panca Usamah', '2017', 1, 3, 4),
	(19, '601358', 'Mulyanto Irawan', '2015', 3, 3, 12),
	(20, '601359', 'Teguh Mayasari', '2015', 3, 1, 10),
	(21, '601360', 'Ellis Yuliarti', '2015', 3, 1, 10),
	(22, '601361', 'Jono Wijayanti', '2017', 1, 3, 4),
	(23, '601362', 'Mursita Hidayanto', '2016', 2, 1, 6),
	(24, '601363', 'Naradi Rahayu', '2016', 2, 2, 7),
	(25, '601364', 'Jais Wacana', '2017', 1, 4, 14),
	(26, '601365', 'Karen Lestari', '2016', 2, 1, 6),
	(27, '601366', 'Kayla Situmorang', '2016', 2, 3, 8),
	(28, '601367', 'Bambang Tarihoran', '2016', 2, 1, 6),
	(29, '601368', 'Rusman Narpati', '2017', 1, 1, 2),
	(30, '601369', 'Talia Padmasari', '2017', 1, 1, 2),
	(31, '601370', 'Purwanto Dabukke', '2015', 3, 3, 12),
	(32, '601371', 'Mala Hastuti', '2017', 1, 1, 2),
	(33, '601372', 'Cinthia Suwarno', '2016', 2, 2, 7),
	(34, '601373', 'Vinsen Mustofa', '2015', 3, 1, 10),
	(35, '601374', 'Kania Agustina', '2016', 2, 3, 8),
	(36, '601375', 'Kenari Hassanah', '2015', 3, 3, 12),
	(37, '601376', 'Paulin Natsir', '2015', 3, 2, 11),
	(38, '601377', 'Anastasia Laksmiwati', '2017', 1, 3, 4),
	(39, '601378', 'Raina Maryati', '2016', 2, 1, 6),
	(40, '601379', 'Endah Nasyiah', '2016', 2, 2, 7),
	(41, '601380', 'Zulaikha Prasetya', '2016', 2, 3, 8),
	(42, '601381', 'Faizah Uyainah', '2015', 3, 3, 12),
	(43, '601382', 'Cakrawangsa Nurdiyanti', '2015', 3, 1, 10),
	(44, '601383', 'Raden Hassanah', '2015', 3, 1, 10),
	(45, '601384', 'Michelle Situmorang', '2016', 2, 4, 9),
	(46, '601385', 'Embuh Lestari', '2015', 3, 2, 11),
	(47, '601386', 'Mila Thamrin', '2015', 3, 1, 10),
	(48, '601387', 'Danuja Uyainah', '2015', 3, 4, 13),
	(49, '601388', 'Hilda Prasetya', '2017', 1, 2, 3),
	(50, '601389', 'Samiah Thamrin', '2015', 3, 1, 10),
	(51, '601390', 'Wulan Wasita', '2017', 1, 3, 4),
	(52, '601391', 'Cinta Usamah', '2015', 3, 3, 12),
	(53, '601392', 'Lanjar Novitasari', '2016', 2, 4, 9),
	(54, '601393', 'Silvia Winarsih', '2015', 3, 1, 10),
	(55, '601394', 'Prabawa Dongoran', '2016', 2, 4, 9),
	(56, '601395', 'Laras Namaga', '2016', 2, 2, 7),
	(57, '601396', 'Garang Rahayu', '2015', 3, 1, 10),
	(58, '601397', 'Aswani Sihombing', '2016', 2, 2, 7),
	(59, '601398', 'Teddy Winarno', '2016', 2, 2, 7),
	(60, '601399', 'Opan Nugroho', '2017', 1, 2, 3),
	(61, '601400', 'Mulyanto Sudiati', '2015', 3, 4, 13),
	(62, '601401', 'Iriana Jailani', '2017', 1, 3, 4),
	(63, '601402', 'Hardi Kusumo', '2017', 1, 3, 4),
	(64, '601403', 'Uli Saptono', '2016', 2, 2, 7),
	(65, '601404', 'Ella Puspita', '2017', 1, 2, 3),
	(66, '601405', 'Bahuwirya Napitupulu', '2017', 1, 4, 14),
	(67, '601406', 'Pangeran Kuswoyo', '2017', 1, 3, 4),
	(68, '601407', 'Gatra Marbun', '2015', 3, 1, 10),
	(69, '601408', 'Jumadi Prasasta', '2016', 2, 4, 9),
	(70, '601409', 'Omar Laksita', '2016', 2, 1, 6),
	(71, '601410', 'Aisyah Kusmawati', '2015', 3, 1, 10),
	(72, '601411', 'Caket Permadi', '2015', 3, 2, 11),
	(73, '601412', 'Wahyu Prasetyo', '2016', 2, 4, 9),
	(74, '601413', 'Sabrina Fujiati', '2015', 3, 3, 12),
	(75, '601414', 'Titin Situmorang', '2017', 1, 3, 4),
	(76, '601415', 'Putri Pertiwi', '2017', 1, 2, 3),
	(77, '601416', 'Usyi Pratama', '2015', 3, 3, 12),
	(78, '601417', 'Harjo Sihombing', '2016', 2, 3, 8),
	(79, '601418', 'Dwi Nurdiyanti', '2017', 1, 2, 3),
	(80, '601419', 'Jaswadi Yulianti', '2015', 3, 4, 13),
	(81, '601420', 'Najwa Pradipta', '2017', 1, 2, 3),
	(82, '601421', 'Luwes Puspasari', '2016', 2, 1, 6),
	(83, '601422', 'Soleh Pertiwi', '2015', 3, 3, 12),
	(84, '601423', 'Titin Wulandari', '2017', 1, 2, 3),
	(85, '601424', 'Yance Wahyuni', '2015', 3, 4, 13);
/*!40000 ALTER TABLE `siswa` ENABLE KEYS */;

-- Dumping structure for table kelas.status
CREATE TABLE IF NOT EXISTS `status` (
  `id` int(11) NOT NULL AUTO_INCREMENT,
  `status` tinyint(4) NOT NULL DEFAULT '0',
  `siswa_id` int(11) NOT NULL,
  `iuran_id` int(11) NOT NULL,
  PRIMARY KEY (`id`),
  KEY `siswa_id_iuran_id` (`siswa_id`,`iuran_id`)
) ENGINE=InnoDB AUTO_INCREMENT=505 DEFAULT CHARSET=latin1;

-- Dumping data for table kelas.status: ~504 rows (approximately)
DELETE FROM `status`;
/*!40000 ALTER TABLE `status` DISABLE KEYS */;
INSERT INTO `status` (`id`, `status`, `siswa_id`, `iuran_id`) VALUES
	(1, 1, 1, 1),
	(2, 1, 1, 2),
	(3, 1, 1, 3),
	(4, 1, 1, 4),
	(5, 1, 1, 6),
	(6, 1, 1, 7),
	(7, 1, 2, 1),
	(8, 1, 2, 2),
	(9, 1, 2, 3),
	(10, 1, 2, 4),
	(11, 1, 2, 6),
	(12, 1, 2, 7),
	(13, 1, 3, 1),
	(14, 1, 3, 2),
	(15, 1, 3, 3),
	(16, 1, 3, 4),
	(17, 1, 3, 5),
	(18, 1, 3, 7),
	(19, 1, 4, 1),
	(20, 1, 4, 2),
	(21, 1, 4, 3),
	(22, 1, 4, 4),
	(23, 1, 4, 5),
	(24, 1, 4, 7),
	(25, 1, 5, 1),
	(26, 1, 5, 2),
	(27, 1, 5, 3),
	(28, 1, 5, 4),
	(29, 1, 5, 5),
	(30, 1, 5, 7),
	(31, 1, 6, 1),
	(32, 1, 6, 2),
	(33, 1, 6, 3),
	(34, 1, 6, 4),
	(35, 1, 6, 5),
	(36, 1, 6, 7),
	(37, 0, 8, 1),
	(38, 0, 8, 2),
	(39, 0, 8, 3),
	(40, 0, 8, 4),
	(41, 0, 8, 5),
	(42, 0, 8, 7),
	(43, 0, 9, 1),
	(44, 0, 9, 2),
	(45, 0, 9, 3),
	(46, 0, 9, 4),
	(47, 0, 9, 5),
	(48, 0, 9, 7),
	(49, 1, 10, 1),
	(50, 1, 10, 2),
	(51, 1, 10, 3),
	(52, 1, 10, 4),
	(53, 1, 10, 5),
	(54, 1, 10, 7),
	(55, 0, 11, 2),
	(56, 0, 11, 3),
	(57, 0, 11, 4),
	(58, 0, 11, 6),
	(59, 0, 11, 1),
	(60, 0, 11, 7),
	(61, 0, 12, 1),
	(62, 0, 12, 2),
	(63, 0, 12, 3),
	(64, 0, 12, 4),
	(65, 0, 12, 5),
	(66, 0, 12, 7),
	(67, 0, 13, 2),
	(68, 0, 13, 3),
	(69, 0, 13, 4),
	(70, 0, 13, 6),
	(71, 0, 13, 1),
	(72, 0, 13, 7),
	(73, 0, 14, 2),
	(74, 0, 14, 3),
	(75, 0, 14, 4),
	(76, 0, 14, 6),
	(77, 0, 14, 1),
	(78, 0, 14, 7),
	(79, 0, 15, 1),
	(80, 0, 15, 2),
	(81, 0, 15, 3),
	(82, 0, 15, 4),
	(83, 0, 15, 5),
	(84, 0, 15, 7),
	(85, 0, 16, 1),
	(86, 0, 16, 2),
	(87, 0, 16, 3),
	(88, 0, 16, 4),
	(89, 0, 16, 5),
	(90, 0, 16, 7),
	(91, 0, 17, 1),
	(92, 0, 17, 2),
	(93, 0, 17, 3),
	(94, 0, 17, 4),
	(95, 0, 17, 5),
	(96, 0, 17, 7),
	(97, 0, 18, 1),
	(98, 0, 18, 2),
	(99, 0, 18, 3),
	(100, 0, 18, 4),
	(101, 0, 18, 5),
	(102, 0, 18, 7),
	(103, 0, 19, 2),
	(104, 0, 19, 3),
	(105, 0, 19, 4),
	(106, 0, 19, 6),
	(107, 0, 19, 1),
	(108, 0, 19, 7),
	(109, 0, 20, 2),
	(110, 0, 20, 3),
	(111, 0, 20, 4),
	(112, 0, 20, 6),
	(113, 0, 20, 1),
	(114, 0, 20, 7),
	(115, 0, 21, 2),
	(116, 0, 21, 3),
	(117, 0, 21, 4),
	(118, 0, 21, 6),
	(119, 0, 21, 1),
	(120, 0, 21, 7),
	(121, 0, 22, 1),
	(122, 0, 22, 2),
	(123, 0, 22, 3),
	(124, 0, 22, 4),
	(125, 0, 22, 5),
	(126, 0, 22, 7),
	(127, 0, 23, 1),
	(128, 0, 23, 2),
	(129, 0, 23, 3),
	(130, 0, 23, 4),
	(131, 0, 23, 5),
	(132, 0, 23, 7),
	(133, 0, 24, 1),
	(134, 0, 24, 2),
	(135, 0, 24, 3),
	(136, 0, 24, 4),
	(137, 0, 24, 5),
	(138, 0, 24, 7),
	(139, 0, 25, 1),
	(140, 0, 25, 2),
	(141, 0, 25, 3),
	(142, 0, 25, 4),
	(143, 0, 25, 5),
	(144, 0, 25, 7),
	(145, 0, 26, 1),
	(146, 0, 26, 2),
	(147, 0, 26, 3),
	(148, 0, 26, 4),
	(149, 0, 26, 5),
	(150, 0, 26, 7),
	(151, 0, 27, 1),
	(152, 0, 27, 2),
	(153, 0, 27, 3),
	(154, 0, 27, 4),
	(155, 0, 27, 5),
	(156, 0, 27, 7),
	(157, 0, 28, 1),
	(158, 0, 28, 2),
	(159, 0, 28, 3),
	(160, 0, 28, 4),
	(161, 0, 28, 5),
	(162, 0, 28, 7),
	(163, 0, 29, 1),
	(164, 0, 29, 2),
	(165, 0, 29, 3),
	(166, 0, 29, 4),
	(167, 0, 29, 5),
	(168, 0, 29, 7),
	(169, 0, 30, 1),
	(170, 0, 30, 2),
	(171, 0, 30, 3),
	(172, 0, 30, 4),
	(173, 0, 30, 5),
	(174, 0, 30, 7),
	(175, 0, 31, 2),
	(176, 0, 31, 3),
	(177, 0, 31, 4),
	(178, 0, 31, 6),
	(179, 0, 31, 1),
	(180, 0, 31, 7),
	(181, 0, 32, 1),
	(182, 0, 32, 2),
	(183, 0, 32, 3),
	(184, 0, 32, 4),
	(185, 0, 32, 5),
	(186, 0, 32, 7),
	(187, 0, 33, 1),
	(188, 0, 33, 2),
	(189, 0, 33, 3),
	(190, 0, 33, 4),
	(191, 0, 33, 5),
	(192, 0, 33, 7),
	(193, 0, 34, 2),
	(194, 0, 34, 3),
	(195, 0, 34, 4),
	(196, 0, 34, 6),
	(197, 0, 34, 1),
	(198, 0, 34, 7),
	(199, 0, 35, 1),
	(200, 0, 35, 2),
	(201, 0, 35, 3),
	(202, 0, 35, 4),
	(203, 0, 35, 5),
	(204, 0, 35, 7),
	(205, 0, 36, 2),
	(206, 0, 36, 3),
	(207, 0, 36, 4),
	(208, 0, 36, 6),
	(209, 0, 36, 1),
	(210, 0, 36, 7),
	(211, 0, 37, 2),
	(212, 0, 37, 3),
	(213, 0, 37, 4),
	(214, 0, 37, 6),
	(215, 0, 37, 1),
	(216, 0, 37, 7),
	(217, 0, 38, 1),
	(218, 0, 38, 2),
	(219, 0, 38, 3),
	(220, 0, 38, 4),
	(221, 0, 38, 5),
	(222, 0, 38, 7),
	(223, 0, 39, 1),
	(224, 0, 39, 2),
	(225, 0, 39, 3),
	(226, 0, 39, 4),
	(227, 0, 39, 5),
	(228, 0, 39, 7),
	(229, 0, 40, 1),
	(230, 0, 40, 2),
	(231, 0, 40, 3),
	(232, 0, 40, 4),
	(233, 0, 40, 5),
	(234, 0, 40, 7),
	(235, 0, 41, 1),
	(236, 0, 41, 2),
	(237, 0, 41, 3),
	(238, 0, 41, 4),
	(239, 0, 41, 5),
	(240, 0, 41, 7),
	(241, 0, 42, 2),
	(242, 0, 42, 3),
	(243, 0, 42, 4),
	(244, 0, 42, 6),
	(245, 0, 42, 1),
	(246, 0, 42, 7),
	(247, 0, 43, 2),
	(248, 0, 43, 3),
	(249, 0, 43, 4),
	(250, 0, 43, 6),
	(251, 0, 43, 1),
	(252, 0, 43, 7),
	(253, 0, 44, 2),
	(254, 0, 44, 3),
	(255, 0, 44, 4),
	(256, 0, 44, 6),
	(257, 0, 44, 1),
	(258, 0, 44, 7),
	(259, 0, 45, 1),
	(260, 0, 45, 2),
	(261, 0, 45, 3),
	(262, 0, 45, 4),
	(263, 0, 45, 5),
	(264, 0, 45, 7),
	(265, 0, 46, 2),
	(266, 0, 46, 3),
	(267, 0, 46, 4),
	(268, 0, 46, 6),
	(269, 0, 46, 1),
	(270, 0, 46, 7),
	(271, 0, 47, 2),
	(272, 0, 47, 3),
	(273, 0, 47, 4),
	(274, 0, 47, 6),
	(275, 0, 47, 1),
	(276, 0, 47, 7),
	(277, 0, 48, 2),
	(278, 0, 48, 3),
	(279, 0, 48, 4),
	(280, 0, 48, 6),
	(281, 0, 48, 1),
	(282, 0, 48, 7),
	(283, 0, 49, 1),
	(284, 0, 49, 2),
	(285, 0, 49, 3),
	(286, 0, 49, 4),
	(287, 0, 49, 5),
	(288, 0, 49, 7),
	(289, 0, 50, 2),
	(290, 0, 50, 3),
	(291, 0, 50, 4),
	(292, 0, 50, 6),
	(293, 0, 50, 1),
	(294, 0, 50, 7),
	(295, 0, 51, 1),
	(296, 0, 51, 2),
	(297, 0, 51, 3),
	(298, 0, 51, 4),
	(299, 0, 51, 5),
	(300, 0, 51, 7),
	(301, 0, 52, 2),
	(302, 0, 52, 3),
	(303, 0, 52, 4),
	(304, 0, 52, 6),
	(305, 0, 52, 1),
	(306, 0, 52, 7),
	(307, 0, 53, 1),
	(308, 0, 53, 2),
	(309, 0, 53, 3),
	(310, 0, 53, 4),
	(311, 0, 53, 5),
	(312, 0, 53, 7),
	(313, 0, 54, 2),
	(314, 0, 54, 3),
	(315, 0, 54, 4),
	(316, 0, 54, 6),
	(317, 0, 54, 1),
	(318, 0, 54, 7),
	(319, 0, 55, 1),
	(320, 0, 55, 2),
	(321, 0, 55, 3),
	(322, 0, 55, 4),
	(323, 0, 55, 5),
	(324, 0, 55, 7),
	(325, 0, 56, 1),
	(326, 0, 56, 2),
	(327, 0, 56, 3),
	(328, 0, 56, 4),
	(329, 0, 56, 5),
	(330, 0, 56, 7),
	(331, 0, 57, 2),
	(332, 0, 57, 3),
	(333, 0, 57, 4),
	(334, 0, 57, 6),
	(335, 0, 57, 1),
	(336, 0, 57, 7),
	(337, 0, 58, 1),
	(338, 0, 58, 2),
	(339, 0, 58, 3),
	(340, 0, 58, 4),
	(341, 0, 58, 5),
	(342, 0, 58, 7),
	(343, 0, 59, 1),
	(344, 0, 59, 2),
	(345, 0, 59, 3),
	(346, 0, 59, 4),
	(347, 0, 59, 5),
	(348, 0, 59, 7),
	(349, 0, 60, 1),
	(350, 0, 60, 2),
	(351, 0, 60, 3),
	(352, 0, 60, 4),
	(353, 0, 60, 5),
	(354, 0, 60, 7),
	(355, 0, 61, 2),
	(356, 0, 61, 3),
	(357, 0, 61, 4),
	(358, 0, 61, 6),
	(359, 0, 61, 1),
	(360, 0, 61, 7),
	(361, 0, 62, 1),
	(362, 0, 62, 2),
	(363, 0, 62, 3),
	(364, 0, 62, 4),
	(365, 0, 62, 5),
	(366, 0, 62, 7),
	(367, 0, 63, 1),
	(368, 0, 63, 2),
	(369, 0, 63, 3),
	(370, 0, 63, 4),
	(371, 0, 63, 5),
	(372, 0, 63, 7),
	(373, 0, 64, 1),
	(374, 0, 64, 2),
	(375, 0, 64, 3),
	(376, 0, 64, 4),
	(377, 0, 64, 5),
	(378, 0, 64, 7),
	(379, 0, 65, 1),
	(380, 0, 65, 2),
	(381, 0, 65, 3),
	(382, 0, 65, 4),
	(383, 0, 65, 5),
	(384, 0, 65, 7),
	(385, 0, 66, 1),
	(386, 0, 66, 2),
	(387, 0, 66, 3),
	(388, 0, 66, 4),
	(389, 0, 66, 5),
	(390, 0, 66, 7),
	(391, 0, 67, 1),
	(392, 0, 67, 2),
	(393, 0, 67, 3),
	(394, 0, 67, 4),
	(395, 0, 67, 5),
	(396, 0, 67, 7),
	(397, 0, 68, 2),
	(398, 0, 68, 3),
	(399, 0, 68, 4),
	(400, 0, 68, 6),
	(401, 0, 68, 1),
	(402, 0, 68, 7),
	(403, 0, 69, 1),
	(404, 0, 69, 2),
	(405, 0, 69, 3),
	(406, 0, 69, 4),
	(407, 0, 69, 5),
	(408, 0, 69, 7),
	(409, 0, 70, 1),
	(410, 0, 70, 2),
	(411, 0, 70, 3),
	(412, 0, 70, 4),
	(413, 0, 70, 5),
	(414, 0, 70, 7),
	(415, 0, 71, 2),
	(416, 0, 71, 3),
	(417, 0, 71, 4),
	(418, 0, 71, 6),
	(419, 0, 71, 1),
	(420, 0, 71, 7),
	(421, 0, 72, 2),
	(422, 0, 72, 3),
	(423, 0, 72, 4),
	(424, 0, 72, 6),
	(425, 0, 72, 1),
	(426, 0, 72, 7),
	(427, 0, 73, 1),
	(428, 0, 73, 2),
	(429, 0, 73, 3),
	(430, 0, 73, 4),
	(431, 0, 73, 5),
	(432, 0, 73, 7),
	(433, 0, 74, 2),
	(434, 0, 74, 3),
	(435, 0, 74, 4),
	(436, 0, 74, 6),
	(437, 0, 74, 1),
	(438, 0, 74, 7),
	(439, 0, 75, 1),
	(440, 0, 75, 2),
	(441, 0, 75, 3),
	(442, 0, 75, 4),
	(443, 0, 75, 5),
	(444, 0, 75, 7),
	(445, 0, 76, 1),
	(446, 0, 76, 2),
	(447, 0, 76, 3),
	(448, 0, 76, 4),
	(449, 0, 76, 5),
	(450, 0, 76, 7),
	(451, 0, 77, 2),
	(452, 0, 77, 3),
	(453, 0, 77, 4),
	(454, 0, 77, 6),
	(455, 0, 77, 1),
	(456, 0, 77, 7),
	(457, 0, 78, 1),
	(458, 0, 78, 2),
	(459, 0, 78, 3),
	(460, 0, 78, 4),
	(461, 0, 78, 5),
	(462, 0, 78, 7),
	(463, 0, 79, 1),
	(464, 0, 79, 2),
	(465, 0, 79, 3),
	(466, 0, 79, 4),
	(467, 0, 79, 5),
	(468, 0, 79, 7),
	(469, 0, 80, 2),
	(470, 0, 80, 3),
	(471, 0, 80, 4),
	(472, 0, 80, 6),
	(473, 0, 80, 1),
	(474, 0, 80, 7),
	(475, 0, 81, 1),
	(476, 0, 81, 2),
	(477, 0, 81, 3),
	(478, 0, 81, 4),
	(479, 0, 81, 5),
	(480, 0, 81, 7),
	(481, 0, 82, 1),
	(482, 0, 82, 2),
	(483, 0, 82, 3),
	(484, 0, 82, 4),
	(485, 0, 82, 5),
	(486, 0, 82, 7),
	(487, 0, 83, 2),
	(488, 0, 83, 3),
	(489, 0, 83, 4),
	(490, 0, 83, 6),
	(491, 0, 83, 1),
	(492, 0, 83, 7),
	(493, 0, 84, 1),
	(494, 0, 84, 2),
	(495, 0, 84, 3),
	(496, 0, 84, 4),
	(497, 0, 84, 5),
	(498, 0, 84, 7),
	(499, 0, 85, 2),
	(500, 0, 85, 3),
	(501, 0, 85, 4),
	(502, 0, 85, 6),
	(503, 0, 85, 1),
	(504, 0, 85, 7);
/*!40000 ALTER TABLE `status` ENABLE KEYS */;

-- Dumping structure for table kelas.tahun
CREATE TABLE IF NOT EXISTS `tahun` (
  `id` int(6) NOT NULL AUTO_INCREMENT,
  `tahun` varchar(50) NOT NULL,
  PRIMARY KEY (`id`)
) ENGINE=InnoDB AUTO_INCREMENT=4 DEFAULT CHARSET=latin1;

-- Dumping data for table kelas.tahun: ~3 rows (approximately)
DELETE FROM `tahun`;
/*!40000 ALTER TABLE `tahun` DISABLE KEYS */;
INSERT INTO `tahun` (`id`, `tahun`) VALUES
	(1, '2015'),
	(2, '2016'),
	(3, '2017');
/*!40000 ALTER TABLE `tahun` ENABLE KEYS */;

-- Dumping structure for table kelas.users
CREATE TABLE IF NOT EXISTS `users` (
  `id` int(10) NOT NULL AUTO_INCREMENT,
  `grup` enum('admin','guru','wali') NOT NULL,
  `password` varchar(100) NOT NULL,
  PRIMARY KEY (`id`)
) ENGINE=InnoDB AUTO_INCREMENT=22 DEFAULT CHARSET=latin1;

-- Dumping data for table kelas.users: ~16 rows (approximately)
DELETE FROM `users`;
/*!40000 ALTER TABLE `users` DISABLE KEYS */;
INSERT INTO `users` (`id`, `grup`, `password`) VALUES
	(1, 'admin', '21232f297a57a5a743894a0e4a801fc3'),
	(2, 'wali', 'bf8cd26e6c6732b8df17a31b54800ed8'),
	(3, 'wali', 'bf8cd26e6c6732b8df17a31b54800ed8 '),
	(4, 'wali', 'bf8cd26e6c6732b8df17a31b54800ed8'),
	(6, 'wali', 'bf8cd26e6c6732b8df17a31b54800ed8'),
	(7, 'wali', 'bf8cd26e6c6732b8df17a31b54800ed8'),
	(8, 'wali', 'bf8cd26e6c6732b8df17a31b54800ed8'),
	(9, 'wali', 'bf8cd26e6c6732b8df17a31b54800ed8'),
	(10, 'wali', 'bf8cd26e6c6732b8df17a31b54800ed8'),
	(11, 'wali', 'bf8cd26e6c6732b8df17a31b54800ed8'),
	(12, 'wali', 'bf8cd26e6c6732b8df17a31b54800ed8'),
	(13, 'wali', 'bf8cd26e6c6732b8df17a31b54800ed8'),
	(14, 'wali', 'bf8cd26e6c6732b8df17a31b54800ed8'),
	(17, 'wali', 'bf8cd26e6c6732b8df17a31b54800ed8'),
	(18, 'wali', 'bf8cd26e6c6732b8df17a31b54800ed8'),
	(20, 'wali', 'bf8cd26e6c6732b8df17a31b54800ed8'),
	(21, 'wali', 'bf8cd26e6c6732b8df17a31b54800ed8');
/*!40000 ALTER TABLE `users` ENABLE KEYS */;

/*!40101 SET SQL_MODE=IFNULL(@OLD_SQL_MODE, '') */;
/*!40014 SET FOREIGN_KEY_CHECKS=IF(@OLD_FOREIGN_KEY_CHECKS IS NULL, 1, @OLD_FOREIGN_KEY_CHECKS) */;
/*!40101 SET CHARACTER_SET_CLIENT=@OLD_CHARACTER_SET_CLIENT */;
